Type,Name,Request Count,Failure Count,Median Response Time,Average Response Time,Min Response Time,Max Response Time,Average Content Size,Requests/s,Failures/s,50%,66%,75%,80%,90%,95%,98%,99%,99.9%,99.99%,100%
POST,/auth/login,396,0,4700.0,5308.238918242425,394.51828399978695,20398.45601399975,239.0,13.441561058870837,0.0,4700,6500,7700,8100,9100,11000,12000,13000,20000,20000,20000
DELETE,DELETE /api/product/delete/{id},29,11,8300.0,7938.9637240345055,1087.1211670000775,16345.341255000676,8.724137931034482,0.9843567442102381,0.3733766960797455,8300,8500,11000,11000,14000,14000,16000,16000,16000,16000,16000
GET,GET /api/product/all,164,0,6600.0,6761.482896451235,98.86605099927692,16327.813009000238,17518.646341463416,5.566707105188932,0.0,6600,8500,10000,11000,12000,13000,14000,16000,16000,16000,16000
GET,GET /api/product/{id},105,39,7700.0,7333.922528009532,1192.4275629990007,19291.910124000424,140.6095238095238,3.564050280761207,1.323790104282734,7700,8500,10000,11000,12000,13000,14000,15000,19000,19000,19000
POST,POST /api/product/create,49,0,8200.0,7725.3348714897265,1080.0242200002685,16556.00673400113,209.6530612244898,1.66322346435523,0.0,8200,9800,11000,11000,13000,16000,17000,17000,17000,17000,17000
PUT,PUT /api/product/update/{id},45,19,8200.0,8119.504135000046,1059.0497840003081,16606.526830999428,131.22222222222223,1.5274501203262316,0.6449233841377422,8200,8700,10000,11000,14000,16000,17000,17000,17000,17000,17000
,Aggregated,788,69,6200.0,6288.269942713203,98.86605099927692,20398.45601399975,3805.706852791878,26.747348773712677,2.3420901845002216,6200,7900,8500,9100,11000,12000,14000,16000,20000,20000,20000
