Type,Name,Request Count,Failure Count,Median Response Time,Average Response Time,Min Response Time,Max Response Time,Average Content Size,Requests/s,Failures/s,50%,66%,75%,80%,90%,95%,98%,99%,99.9%,99.99%,100%
POST,/auth/login,349,1,32000.0,32456.675294767916,14198.44144200033,46046.592705000876,238.43839541547277,6.702783506808741,0.01920568340059811,32000,37000,39000,40000,41000,43000,45000,46000,46000,46000,46000
GET,GET /api/product/all,1,0,13943.793741000263,13943.793741000263,13943.793741000263,13943.793741000263,39418.0,0.01920568340059811,0.0,14000,14000,14000,14000,14000,14000,14000,14000,14000,14000,14000
POST,POST /api/product/create,1,0,32491.191523000452,32491.191523000452,32491.191523000452,32491.191523000452,212.0,0.01920568340059811,0.0,32000,32000,32000,32000,32000,32000,32000,32000,32000,32000,32000
,Aggregated,351,1,32000.0,32404.03037931056,13943.793741000263,46046.592705000876,349.98575498575497,6.741194873609937,0.01920568340059811,32000,36000,39000,40000,41000,43000,44000,46000,46000,46000,46000
