Type,Name,Request Count,Failure Count,Median Response Time,Average Response Time,Min Response Time,Max Response Time,Average Content Size,Requests/s,Failures/s,50%,66%,75%,80%,90%,95%,98%,99%,99.9%,99.99%,100%
POST,/auth/login,359,0,17000.0,18607.897233816144,4198.221157001171,37212.09474999887,239.0,7.9549731511920925,0.0,17000,21000,26000,32000,35000,36000,37000,37000,37000,37000,37000
DELETE,DELETE /api/product/delete/{id},185,57,1300.0,2056.4669280215803,223.34571799910918,6711.700822999774,6.713513513513513,4.099359423316259,1.2630458763731178,1300,2400,3100,3700,4700,5100,5600,5800,6700,6700,6700
GET,GET /api/product/all,578,0,1300.0,2015.233120212831,215.95189399886294,6396.002285999202,32079.617647058825,12.807728360415124,0.0,1300,2300,3200,3700,4500,5000,5600,5900,6400,6400,6400
GET,GET /api/product/{id},349,99,1200.0,1946.094242369732,228.95817500102567,6422.353070000099,156.9169054441261,7.7333861553371595,2.193711258963836,1200,2200,2900,3500,4600,5100,5800,6100,6400,6400,6400
POST,POST /api/product/create,195,0,1400.0,1959.3897967281816,236.04314499971224,6215.475861999948,209.92820512820512,4.320946419171192,0.0,1400,2400,2900,3500,4200,5100,5600,5600,6200,6200,6200
PUT,PUT /api/product/update/{id},185,58,1700.0,2366.701048648681,266.1092350008403,6724.966083998879,151.15135135135134,4.099359423316259,1.285204575958611,1700,3300,3900,4500,5000,5500,6000,6100,6700,6700,6700
,Aggregated,1851,214,2200.0,5253.697367399269,215.95189399886294,37212.09474999887,10131.131820637493,41.015752932748086,4.7419617112955645,2200,3800,4800,5600,16000,25000,35000,36000,37000,37000,37000
